INDONESIA/ENG,ZUFRASI,,KAMUS INDONESIA/ENG - ZUFRASI,,
,,,Ketik kata IND/ENG,:,false.
,,,Arti kata ZUF,:,hewu
aba,makhsya,,,,
abad,pawa,,,,
abadi,anasyi,,,,
abai,anaz,,,,
abandon,anaz,,,,
able,niha,,,,
about,mekhma,,,,
above,ama,,,,
absen,mizasya,,,,
absent,mizasya,,,,
abundant,kuba,,,,
abuse,waka,,,,
achieve,niha,,,,
act,rijma,,,,
action,rijma,,,,
acu,sakhsya,,,,
acuh,anaz,,,,
ada,asya,,,,
adalah,asyasa,,,,
adat,asyam,,,,
additional,ngaza,,,,
adegan,kihasa,,,,
adil,hemaka,,,,
aduk,amu,,,,
adventurer,ngesakha,,,,
affection,rikhma,,,,
afraid,mangu,,,,
after,hemesa,,,,
afternoon,hizad,,,,
afterwards,husya,,,,
again,usad,,,,
agar,hujaza,,,,
age,pawa,,,,
agree,haza,,,,
agung,wusiza,,,,
ahli,baka,,,,
ahli waris,baki,,,,
aim,sakhsya,,,,
air,ahr-razik,,,,
ajar,agak,,,,
akal,khasang,,,,
akan,angakh,,,,
akar,ahr-mukha,,,,
akhir,hesehazi,,,,
akhirat,ahr-adngasa,,,,
akibat,syawja,,,,
alam,ahr-asa,,,,
alam semesta,ahr-asa,,,,
alasan,syawja,,,,
alat,khisaz,,,,
alih,mekhahina,,,,
alike,hekuja,,,,
alike,hekuja,,,,
alir,asi,,,,
all,hesuku,,,,
allow,nizak,,,,
along,mam,,,,
already,husya,,,,
alter,cakhmi,,,,
alun,hubaka,,,,
amal,nusyi,,,,
aman,hesawa,,,,
amar,jikhma,,,,
ambang,ruwa,,,,
among,akhmaka,,,,
ampun,awjukh,,,,
anak,ahl-nekhi,,,,
anak-anak,ahl-nekhi,,,,
ancam,jangha,,,,
and,syakh,,,,
anda,akhsya,,,,
andal,nihu,,,,
angan,wabu,,,,
angel,jemanga,,,,
angin,ahr-usyaka,,,,
angka,khisaz,,,,
angkasa,ahr-sadim,,,,
angkat,gusad,,,,
angkuh,adngu,,,,
angkut,naba,,,,
angkutan,naba,,,,
angry,waka,,,,
animal,ahl-yabukha,,,,
animal kingdom,ahl-yabukha,,,,
answer,nyasi,,,,
antara,akhmaka,,,,
antusias,kuba,,,,
anugerah,nyasyiza,,,,
anugerah,nyasyiza,,,,
anugrah,nyasyiza,,,,
anything,muamu,,,,
apapun,muamu,,,,
apes,khanya,,,,
api,ahr-naka,,,,
api,ahr-naka,,,,
appealing,sekha,,,,
appear,nadu,,,,
appropriate,jakhma,,,,
arah,jisi,,,,
arah,hedaga,,,,
arah,jisi,,,,
arif,aki,,,,
arif,aki,,,,
arise,nadu,,,,
arogan,naba,,,,
around,hengima,,,,
arrange,amuk,,,,
arrange,kawaz,,,,
arrive,miwa,,,,
arrogant,adngu,,,,
artinya,zazimu,,,,
as,hekuja,,,,
asah,aha,,,,
asal,syaki,,,,
asal usul,ahr-mukha,,,,
ask,mata,,,,
asleep,misyu,,,,
asli,hegami,,,,
asmara,rikhma,,,,
assets,nekhsya,,,,
assist,gaha,,,,
assistance,gaha,,,,
asuh,agak,,,,
at,jasya,,,,
at the same time,syakh,,,,
at the time of,ham,,,,
atas,ama,,,,
atau,amabu,,,,
atmosfer,ahr-usyaka,,,,
atmosphere,ahr-usyaka,,,,
atraktif,sekha,,,,
attain,niha,,,,
attempt,rona,,,,
attend,miwa,,,,
attract,sekha,,,,
attractive,sekha,,,,
atur,amuk,,,,
aturan,asyam,,,,
authority,syaza,,,,
available,asya,,,,
avoid,esa,,,,
await,gaca,,,,
awal,wusa,,,,
awan,ahr-sadim,,,,
aware,baka,,,,
axis,jula,,,,
ayah,aza,,,,
azab,syawja,,,,
babak,kihasa,,,,
babat,mena,,,,
baca,nara,,,,
back,nasi,,,,
bad,resa,,,,
badan,ahr-kaca,,,,
bagi,naci,,,,
bagi,jasya,,,,
bagian,naciza,,,,
bagus,aki,,,,
bahagia,nanyaciza,,,,
bahasa,nanyaha,,,,
baik,aki,,,,
bak,hekuja,,,,
bakal,angakh,,,,
bala,nasa,,,,
balanced,hemaka,,,,
balas,nasa,,,,
balasan,nasa,,,,
balik,usad,,,,
bangkit,nadu,,,,
bangsa,nadha,,,,
bangun,nadu,,,,
bantah,nakhma,,,,
bantai,wami,,,,
bantu,gaha,,,,
bantuan,gaha,,,,
banyak,nakha,,,,
bapa,aza,,,,
bapak,aza,,,,
bara,ahr-naka,,,,
barang,nekhsya,,,,
bareng,syakh,,,,
barter,cakhmi,,,,
baru,tu,,,,
basah,naha,,,,
basic,sakhsya,,,,
batas,ruwa,,,,
batu,namu,,,,
baur,amu,,,,
bawa,naba,,,,
bawah,mukukh,,,,
bayar,nasa,,,,
bayi,ahl-nekhi,,,,
be aware,khasuki,,,,
bear,gukhgu,,,,
beautiful,ikhsya,,,,
beban,waha,,,,
bebas,weksenga,,,,
bebatuan,namu,,,,
beberapa,nakha,,,,
because,syawja,,,,
because of,ose,,,,
become,gasyi,,,,
beda,nesya,,,,
before,hisa,,,,
begin,wusa,,,,
beginning,wusa,,,,
behavior,nusyi,,,,
belai,nysa,,,,
belakang,nasi,,,,
beli,nasa,,,,
beliau,syiza,,,,
belief,zangikh,,,,
believe,zangikh,,,,
belonging to,juta,,,,
belum,jeka,,,,
benar,hegami,,,,
benar-benar,hegami,,,,
bencana,khanya,,,,
benci,nekhri,,,,
benda,nekhsya,,,,
benderang,ahr-reka,,,,
benefit,ukhmud,,,,
benih,ahr-mukha,,,,
bening,huri,,,,
bentuk,nekhsya,,,,
bentuk,asya,,,,
beragam,nesya,,,,
berahi,wabu,,,,
berahi,cazika,,,,
berair,ahr-razik,,,,
berakhir,hesehazi,,,,
beralih,mekhahina,,,,
berat,waha,,,,
berbagi,hasi,,,,
berbeda,nesya,,,,
berbeda,nesya,,,,
berbeda,nesya,,,,
berbicara,ngama,,,,
bercakap,ngama,,,,
berdiri,nadu,,,,
berdiri,nadu,,,,
berdiri,mecang,,,,
berdua,syakh,,,,
bergerak,angakh,,,,
berhasil,ukhmud,,,,
berhenti,hesehazi,,,,
beri,naci,,,,
berkah,nyasyiza,,,,
berkaitan,hekuja,,,,
berkelanjutan,anasyi,,,,
berkeliling,usad,,,,
berkembang,nadu,,,,
berkepanjangan,jakha,,,,
berkerumun,kawaz,,,,
berlalu,husya,,,,
berlimpah,kuba,,,,
berlimpah,nakha,,,,
berlindung,khabud,,,,
bernafas,khaya,,,,
berpindah,mekhahina,,,,
berputar,usad,,,,
bersama,syakh,,,,
bersama-sama,syakh,,,,
bersamaan,syakh,,,,
bersatu,amu,,,,
bersih,huri,,,,
bersinar,ahr-reka,,,,
bersit,ngega,,,,
bertabrakan,manka,,,,
bertahan,manya,,,,
bertemu,wi,,,,
bertemu,wulabaka,,,,
bertindak,rijma,,,,
berunding,wulabaka,,,,
beruntung,ukhmud,,,,
besar,kaza,,,,
besi,soca,,,,
besides,ruwasi,,,,
betina,bakhima,,,,
betina,bakhima,,,,
betul,hegami,,,,
between,akhmaka,,,,
biar,nizak,,,,
bibit,ahr-mukha,,,,
bibit,ahr-mukha,,,,
bicara,ngama,,,,
bidik,sakhsya,,,,
big,kaza,,,,
bijak,aki,,,,
bijaksana,aki,,,,
biji,ahr-mukha,,,,
biji-bijian,ahr-mukha,,,,
bikin,rijma,,,,
bimbang,kacuha,,,,
bimbing,jakhsyu,,,,
bimbing,agak,,,,
binar,ahr-reka,,,,
binasa,juha,,,,
binatang,ahl-yabukha,,,,
bintang,nikhma,,,,
birahi,cazika,,,,
bird,ahl-nekwa,,,,
bisa,niha,,,,
bisu,nihu,,,,
black,cesa,,,,
blend,amu,,,,
blessing,nyasyiza,,,,
blind,numa,,,,
blink,ngega,,,,
bobot,waha,,,,
bocah,ahl-nekhi,,,,
bodoh,syudu,,,,
body,ahr-kaca,,,,
bohong,syuhma,,,,
book,nung,,,,
book collection,narala,,,,
bopong,gukhgu,,,,
born,nadu,,,,
boundary,ruwa,,,,
bow,mukhsyung,,,,
break,akhmaka,,,,
break a promise,nakhma,,,,
breakdown,ukaz,,,,
breast,syasya,,,,
breath,khaya,,,,
breathe,khaya,,,,
breeze,ahr-usyaka,,,,
bridge,akhmakala,,,,
bright,reka,,,,
brightness,reka,,,,
bring,naba,,,,
broken,resa,,,,
brought into,nadu,,,,
buai,sekha,,,,
buang,nyisa,,,,
buat,rijma,,,,
budi,nusyi,,,,
bujuk,sekha,,,,
buka,musu,,,,
bukan,mang,,,,
buku,nung,,,,
bulan,ahr-nusakh,,,,
bulus,miju,,,,
bumi,ahr-makha,,,,
bunuh,wami,,,,
bunyi,hubaka,,,,
burden,waha,,,,
burial,makha,,,,
buruk,resa,,,,
burung,ahl-nekwa,,,,
bustling,kawaz,,,,
but,maji,,,,
buta,numa,,,,
butir,jahi,,,,
butuh,numu,,,,
buzz,ngega,,,,
by,ose,,,,
cacat,resa,,,,
caci,waka,,,,
cahaya,ahr-reka,,,,
cair,ahr-razik,,,,
cairan,ahr-razik,,,,
cakap,wabu,,,,
cakep,amuk,,,,
cakup,khabud,,,,
calamity,khanya,,,,
calm,syawa,,,,
campak,anaz,,,,
campur,amu,,,,
campuran,ahr-razik,,,,
can,niha,,,,
cantik,ikhsya,,,,
capai,niha,,,,
capture,madnga,,,,
care,gaca,,,,
care for,agak,,,,
careful,gaca,,,,
careless,suja,,,,
caress,nysa,,,,
carry,gukhgu,,,,
carry,naba,,,,
catch,madnga,,,,
category,nadha,,,,
cautious,gaca,,,,
cease,hesehazi,,,,
cecair,ahr-razik,,,,
cela,resa,,,,
celaan,resa,,,,
celah,akhmaka,,,,
celaka,khanya,,,,
cemburu,hemamu,,,,
cenayang,kawas,,,,
cengkeram,hekhmu,,,,
center,akhmaka,,,,
century,pawa,,,,
cepat,reja,,,,
cerah,ahr-reka,,,,
cerca,waka,,,,
cercah,neknga,,,,
cerdas,aki,,,,
cerita,kihasa,,,,
certain,gesa,,,,
certainly,gesa,,,,
certificate,ngoma,,,,
chance,jesuba,,,,
change,cakhmi,,,,
chapter,kihasa,,,,
character,nusyi,,,,
charity,nusyi,,,,
charm,sekha,,,,
chart,jema,,,,
chest,syasya,,,,
chief,jasa,,,,
child,ahl-nekhi,,,,
choose,jisi,,,,
cikal,ahr-mukha,,,,
cinta,rikhma,,,,
cipta,rijma,,,,
cipta,rijma,,,,
circle,usad,,,,
city,ngoma,,,,
clarify,ukaz,,,,
clean,huri,,,,
climate,wuhi,,,,
close,mumus,,,,
cloth,ngazikh,,,,
clue,makhsya,,,,
coach,agak,,,,
coarse,aha,,,,
coba,rona,,,,
cocok,jakhma,,,,
collide,manka,,,,
colonize,mikhsya,,,,
combine,kawaz,,,,
come,miwa,,,,
command,jikhma,,,,
community,nadha,,,,
compact,jasyam,,,,
compel,jangha,,,,
compensation,nasa,,,,
competent,baka,,,,
complete,umu,,,,
completed,hemesa,,,,
compliant,mam,,,,
compose,ose,,,,
comprehend,khasuki,,,,
concentrated,cesa,,,,
concern,jesyusi,,,,
concerning,jasya,,,,
conduct,nusyi,,,,
confident,zangikh,,,,
confine,nguku,,,,
congkak,adngu,,,,
connected,hekuja,,,,
conquer,mikhsya,,,,
conscience,khizam,,,,
conscious,baka,,,,
consent,haza,,,,
consequence,syawja,,,,
consequences,syawja,,,,
consultation,wulabaka,,,,
consume,wanga,,,,
continue,meku,,,,
coordinate,semang,,,,
coordinates,semang,,,,
corak,josa,,,,
core,ikhmi,,,,
correct,hegami,,,,
correct,hegami,,,,
cosmos,ahr-asa,,,,
counterpart,jasyala,,,,
cover,khabud,,,,
crack,akhmaka,,,,
cradle,sekha,,,,
crash,manka,,,,
crease,ngega,,,,
create,rijma,,,,
creation,ose,,,,
creature,ahl-yabukha,,,,
crowd,kawaz,,,,
crowded,kawaz,,,,
cuaca,wuhi,,,,
cuek,anaz,,,,
cuma,ruwa,,,,
curi,gakanya,,,,
curiga,kacuha,,,,
curse,nasa,,,,
custom,asyam,,,,
custom,asyam,,,,
cut,mena,,,,
cut down,mena,,,,
dad,aza,,,,
dada,syasya,,,,
dahulu,hisa,,,,
dalam,syasa,,,,
dalam,jasya,,,,
dalih,nyasi,,,,
damaged,resa,,,,
damai,syawa,,,,
damn,nasa,,,,
damnation,nasa,,,,
damp,naha,,,,
dampak,syawja,,,,
dan,syakh,,,,
dance,maki,,,,
dapat,niha,,,,
dapatkan,niha,,,,
darat,ahr-makha,,,,
dari,syaki,,,,
daripada,syaki,,,,
dark,cesa,,,,
dasar,sakhsya,,,,
dasar,ikhmi,,,,
datang,miwa,,,,
datar,kama,,,,
dawn,hizad,,,,
day,hizad,,,,
daya,syaza,,,,
days,hizad,,,,
daytime,hizad,,,,
dead,wami,,,,
deceased,wami,,,,
deceit,miju,,,,
deceive,miju,,,,
deep sleep,sekha,,,,
defamation,yimkha,,,,
defeat,mukhsyung,,,,
defect,resa,,,,
degree,hemamu,,,,
delete,nyisa,,,,
deliberately,hedaga,,,,
deliberation,wulabaka,,,,
demi,jasya,,,,
dendam,syekhsya,,,,
dengan,syakh,,,,
dengar,madnga,,,,
dengarkan,madnga,,,,
dengki,nekhri,,,,
dengung,ngega,,,,
dense,jasyam,,,,
deny,nakhma,,,,
denyut,cemaka,,,,
dependent,hewu,,,,
depleted,juha,,,,
derajat,hemamu,,,,
derita,haka,,,,
desa ,ngoma,,,,
desak,jangha,,,,
descend,mukukh,,,,
describe,ukaz,,,,
desert,cuku,,,,
deserve,jakhma,,,,
design,josa,,,,
desire,wabu,,,,
desire,cazika,,,,
destination,jisi,,,,
destiny,mangsyi,,,,
destroy,juha,,,,
destroyed,juha,,,,
detest,nekhri,,,,
detik,syemi,,,,
develop,nadu,,,,
device,khisaz,,,,
dew,ewnu,,,,
dewdrops,ewnu,,,,
di,syi,,,,
di atas,ama,,,,
di samping itu,ruwasi,,,,
di sisi lain,ruwasi,,,,
dia,syiza,,,,
dia,syiza,,,,
diam,nyekhi,,,,
diam,nyekhi,,,,
didik,agak,,,,
die,wami,,,,
different,nesya,,,,
difficult,husi,,,,
dignity,hemamu,,,,
dini hari,hizad,,,,
diperlukan,jakhma,,,,
direction,jisi,,,,
diri,bakhsyiki,,,,
dirimu,akhsya,,,,
dirinya,syiza,,,,
disappear,nyisa,,,,
disaster,jemanga,,,,
disaster,khanya,,,,
discard,nyisa,,,,
disciplined,mam,,,,
discuss,wulabaka,,,,
disiplin,mam,,,,
diskusi,wulabaka,,,,
disobey,nakhma,,,,
dissolve,amu,,,,
distance,gabu,,,,
distant,gabu,,,,
distinct,nesya,,,,
distribute,naci,,,,
diversity,nesya,,,,
document,ngoma,,,,
dokumen,ngoma,,,,
don't,sakad,,,,
dongeng,kihasa,,,,
door,jikhmu,,,,
dorong,jangha,,,,
doubt,kacuha,,,,
doyan,syozakh,,,,
drip,kheme,,,,
drop,kheme,,,,
drown,asesa,,,,
duduk,him,,,,
due to,syawja,,,,
duga,kawas,,,,
dukacita,hesyi,,,,
dukun,kawas,,,,
dulu,hisa,,,,
dungu,syudu,,,,
dunia,ahr-asa,,,,
dusk,wasa,,,,
dusta,syuhma,,,,
each,miza,,,,
each other,hasi,,,,
earth,ahr-makha,,,,
easy,wusya,,,,
eat,wanga,,,,
echo,syawja,,,,
edge,ruwa,,,,
educate,agak,,,,
efek,syawja,,,,
effect,syawja,,,,
ejek,waka,,,,
elaborate,ukaz,,,,
elak,esa,,,,
eliminate,nyisa,,,,
elok,ikhsya,,,,
elus,nysa,,,,
ember,ahr-naka,,,,
embun,ewnu,,,,
embun-embun,ewnu,,,,
emerge,nadu,,,,
empty,mizasya,,,,
encer,ahr-razik,,,,
enclose,nguku,,,,
encounter,wi,,,,
end,hesehazi,,,,
ended,hesehazi,,,,
endure,manya,,,,
enduring,anasyi,,,,
energi,syaza,,,,
energy,syaza,,,,
engkau,akhsya,,,,
enjoy,syozakh,,,,
enteng,wusya,,,,
enter,khabud,,,,
enthusiastic,kuba,,,,
entire,hesuku,,,,
envious,nekhri,,,,
envy,nekhri,,,,
equal,hemaka,,,,
equilibrium,hemaka,,,,
equivalent,hemaka,,,,
era,pawa,,,,
erase,nyisa,,,,
esensi,ikhmi,,,,
esensi,ikhmi,,,,
essence,ikhmi,,,,
essential,jakhma,,,,
eternal,anasyi,,,,
ethnic group,hungu,,,,
etika,asyam,,,,
etnis,hungu,,,,
evade,esa,,,,
evening,hizad,,,,
evening sky,ahr-sadim,,,,
ever,husya,,,,
everlasting,anasyi,,,,
every,miza,,,,
everything,hesuku,,,,
evident,gesa,,,,
examination,rona,,,,
except,ruwasi,,,,
except,makhja,,,,
exchange,cakhmi,,,,
excuse,nyasi,,,,
exhausted,sazu,,,,
exist,asya,,,,
experience,asala,,,,
explain,naci,,,,
explorer,ngesakha,,,,
extinct,juha,,,,
eye,wama,,,,
fable,kihasa,,,,
fabric,ngazikh,,,,
fair,hemaka,,,,
fairytale,kihasa,,,,
faith,zangikh,,,,
faithful,hemiza,,,,
fajar,hizad,,,,
fake,hewu,,,,
fall,gamu,,,,
false.,hewu,,,,
falsehood,syuhma,,,,
fantasy,wabu,,,,
far,gabu,,,,
fascination,cazika,,,,
fast,reja,,,,
fast,gasakh,,,,
fate,mangsyi,,,,
father,aza,,,,
fauna,ahl-yabukha,,,,
feel,hekhmu,,,,
feeling,rikhma,,,,
fell,mena,,,,
female,bakhima,,,,
fertile,hunu,,,,
final,hesehazi,,,,
finished,hesehazi,,,,
firasat,khasuki,,,,
fire,ahr-naka,,,,
firm,gesa,,,,
first,wusa,,,,
fisik,nekhsya,,,,
fitnah,yimkha,,,,
fitting,jakhma,,,,
fixed,gesa,,,,
flame,ahr-naka,,,,
flat,kama,,,,
flaw,resa,,,,
foliage,ahr-makhala,,,,
fond of,syozakh,,,,
foolish,syudu,,,,
for,jasya,,,,
for the sake of,jasya,,,,
forbid,sakad,,,,
force,jangha,,,,
forecast,kawas,,,,
forest,syumakh,,,,
forever,anasyi,,,,
forget,suja,,,,
forgiveness,awjukh,,,,
form,asya,,,,
form,nekhsya,,,,
former,hisa,,,,
fortunate,ukhmud,,,,
fragile,sazu,,,,
frail,sazu,,,,
fraud,miju,,,,
free,weksenga,,,,
fresh,tu,,,,
from,syaki,,,,
full,umu,,,,
full moon,ahr-nusakh,,,,
fundamental,sakhsya,,,,
furious,waka,,,,
gabung,amu,,,,
gadai,cakhmi,,,,
gairah,cazika,,,,
gampang,wusya,,,,
gampang,wusya,,,,
gangguan,mumus,,,,
ganjar,nasa,,,,
ganti,cakhmi,,,,
gantung,cakhmu,,,,
gap,akhmaka,,,,
garba,bakhima,,,,
garba art,bakhima,,,,
garba dance,bakhima,,,,
garis keluarga,hishisa,,,,
garis keturunan,hishisa,,,,
gate,jikhmu,,,,
gather,kawaz,,,,
gay,ahl-wakhuhiza,,,,
gay,ahl-wakhuhiza,,,,
gaze,jakhsyad,,,,
gegas,reja,,,,
gejala,cegasa,,,,
gelap,cesa,,,,
gelar,nunga,,,,
gelombang,cemaka,,,,
gema,syawja,,,,
gemar,syozakh,,,,
gembira,nanyaciza,,,,
gemerlap,ahr-reka,,,,
genealogy,hishisa,,,,
genggam,hekhmu,,,,
gentle,hoym,,,,
genuine,hegami,,,,
gerak,gasakh,,,,
geram,waka,,,,
gerbang,jikhmu,,,,
gerinda,aha,,,,
germ,ahr-mukha,,,,
germ,ahr-mukha,,,,
gerombol,kawaz,,,,
gesek,syaki,,,,
geser,mekhahina,,,,
getar,cemaka,,,,
gift,nyasyiza,,,,
gila,cazika,,,,
give,naci,,,,
glance,jakhsyad,,,,
glimmer,neknga,,,,
gloomy,cesa,,,,
gloomy,cesa,,,,
go back,usad,,,,
go by,husya,,,,
go down,mukukh,,,,
goblok,syudu,,,,
golong,nadha,,,,
golongan,nadha,,,,
golongan,nadha,,,,
good,aki,,,,
good deeds,nusyi,,,,
goods,nekhsya,,,,
gosok,aha,,,,
grace,nyasyiza,,,,
grain,nekhi,,,,
grand,kaza,,,,
grasp,hekhmu,,,,
grave,makha,,,,
greedy,kangu,,,,
greet,besngo,,,,
greeting,hasa,,,,
grinder,aha,,,,
grinding machine,aha,,,,
grip,hekhmu,,,,
ground,sakhsya,,,,
group,nadha,,,,
grow,nadu,,,,
grudge,syekhsya,,,,
grup,nadha,,,,
guard,gaca,,,,
gubah,ose,,,,
guess,yimkha,,,,
guide,jakhsyu,,,,
gulp,khaya,,,,
gunakan,jangaz,,,,
gunung,cukhu,,,,
gurun,cuku,,,,
habis,hemesa,,,,
habit,nusyi,,,,
hadiah,nyasyiza,,,,
hadir,miwa,,,,
hak,juta,,,,
hakikat,ikhmi,,,,
hakiki,hegami,,,,
hala,jisi,,,,
halang,mumus,,,,
halus,hoym,,,,
halus,hoym,,,,
halus,miju,,,,
halus,hoym,,,,
hambat,mumus,,,,
hampa,mizasya,,,,
hancur,juha,,,,
handal,niha,,,,
hang,cakhmu,,,,
hangat,ahr-naka,,,,
hanya,ruwa,,,,
hanya,ruwa,,,,
hanya,ruwa,,,,
happy,nanyaciza,,,,
happy,nanyaciza,,,,
happy,nanyaciza,,,,
hapus,nyisa,,,,
harap,wabu,,,,
harapan,wabu,,,,
hard,syaza,,,,
hari,hizad,,,,
harkat,hemamu,,,,
harta,nekhsya,,,,
harus,bagin,,,,
harus,bagin,,,,
harus,bagin,,,,
hasrat,wabu,,,,
hasrat,cazika,,,,
hasrat,cazika,,,,
hasut,yimkha,,,,
hate,nekhri,,,,
hati,khizam,,,,
hati nurani,khizam,,,,
hati-hati,gaca,,,,
have,juta,,,,
have,husya,,,,
have,husya,,,,
have to,bagin,,,,
have to,bagin,,,,
he/she,syiza,,,,
he/she,syiza,,,,
head,jasa,,,,
heading towards,angakh,,,,
healthy,baka,,,,
hear,madnga,,,,
heart,khizam,,,,
heaven,ahr-adngasa,,,,
heavens,ahr-sadim,,,,
heavy,waha,,,,
heavy metal,soca,,,,
heir,baki,,,,
help,gaha,,,,
hembus,ahr-usyaka,,,,
hendak,angakh,,,,
hendak,angakh,,,,
hendak,wabu,,,,
hendak,wabu,,,,
hening,nyekhi,,,,
hening,nyekhi,,,,
henti,hesehazi,,,,
her,syiza,,,,
hesitant,hasa,,,,
hewan,ahl-yabukha,,,,
hewan,ahl-yabukha,,,,
hewan-hewan,ahl-yabukha,,,,
hidup,taba,,,,
high,gusad,,,,
hilang,nyisa,,,,
hilang,husya,,,,
hilang,nyisa,,,,
hilang,juha,,,,
him,syiza,,,,
hina,resa,,,,
hina ,waka,,,,
hinaan,resa,,,,
hindar,esa,,,,
hinder,mumus,,,,
hint,makhsya,,,,
hip,gukhgu,,,,
his/her,syiza,,,,
historical,hegaka,,,,
history,hegaka,,,,
hitam,cesa,,,,
hitam,cesa,,,,
hitam pekat,cesa,,,,
hold,niha,,,,
hold,hekhmu,,,,
holy,huri,,,,
homo,ahl-wakhuhiza,,,,
homoseksual,ahl-wakhuhiza,,,,
homosexual,ahl-wakhuhiza,,,,
hone,aha,,,,
honest,musu,,,,
honor,hasa,,,,
honor,gukhgu,,,,
honorable,wusiza,,,,
hope,wabu,,,,
hormat,hasa,,,,
hot,ahr-naka,,,,
however,maji,,,,
however,maji,,,,
hujan,nyuga,,,,
hukum,asyam,,,,
hukuman,syawja,,,,
human,ahl-wakhuhiza,,,,
human,ahl-wakhuhiza,,,,
humanity,khizam,,,,
humiliation,resa,,,,
hurt,haka,,,,
hutan,syumakh,,,,
ia,syiza,,,,
ialah,asyasa,,,,
ialah,asyasa,,,,
ialah,zazimu,,,,
ialah,asyasa,,,,
ialah,asyasa,,,,
ide,khasang,,,,
idea,khasang,,,,
idiotic,syudu,,,,
idiotic,syudu,,,,
idle,sazu,,,,
ignorant,numa,,,,
ikhlas,musu,,,,
iklim,wuhi,,,,
ikrar,huwja,,,,
ikrar,huwja,,,,
ikrar,huwja,,,,
ikrar,huwja,,,,
ilmu,khasang,,,,
imagination,wabu,,,,
imajinasi,wabu,,,,
iman,zangikh,,,,
imbal,nasa,,,,
imbang,hemaka,,,,
impact,syawja,,,,
impact,syawja,,,,
in,syi,,,,
in line,mam,,,,
in order to,hujaza,,,,
in order to,sakhma,,,,
in order to,hujaza,,,,
in the past,hisa,,,,
incorrect,hasa,,,,
indah,ikhsya,,,,
indah,ikhsya,,,,
independent,bakhsyiki,,,,
independent,weksenga,,,,
indifferent,anaz,,,,
individu,ahl-wakhuhiza,,,,
individu,ahl-wakhuhiza,,,,
individu,ahl-wakhuhiza,,,,
individual,ahl-wakhuhiza,,,,
individual,ahl-wakhuhiza,,,,
individual,ahl-wakhuhiza,,,,
influence,syawja,,,,
ingat,idam,,,,
ingat,idam,,,,
ingatan,idam,,,,
ingin,wabu,,,,
ingin,wabu,,,,
ingin,angakh,,,,
ingin,wabu,,,,
ingkar,nakhma,,,,
ingkar janji,nakhma,,,,
inheritor,baki,,,,
ini,syiza,,,,
initial,wusa,,,,
injak,sakhsya,,,,
injury,haka,,,,
inquire,mata,,,,
insan,ahl-wakhuhiza,,,,
insan,ahl-wakhuhiza,,,,
inside,syasa,,,,
inside,syi,,,,
insignificant,wusya,,,,
instigate,yimkha,,,,
instinct,khasuki,,,,
insting,khasuki,,,,
instruct,agak,,,,
instruction,jikhma,,,,
instruksi,jikhma,,,,
insult,waka,,,,
intact,umu,,,,
intellect,khasang,,,,
intellect,khasang,,,,
intelligent,aki,,,,
intend,angakh,,,,
intention,hedaga,,,,
intentionally,hedaga,,,,
interval,akhmaka,,,,
inti,ikhmi,,,,
intimidasi,jangha,,,,
intimidate,jangha,,,,
intip,jakhsyad,,,,
intuisi,khasuki,,,,
intuition,khasuki,,,,
intuition,khasuki,,,,
invent,rijma,,,,
iri,nekhri,,,,
irritated,waka,,,,
is,asyasa,,,,
istirahat,akhmaka,,,,
it,syiza,,,,
item,nekhsya,,,,
itu,syiza,,,,
jabar,ukaz,,,,
jadi,gasyi,,,,
jaga,gaca,,,,
jagat,ahr-asa,,,,
jail,nguku,,,,
jajah,mikhsya,,,,
jalan,gasakh,,,,
jalur,sakhsya,,,,
jamak,nakha,,,,
jaminan,cakhmi,,,,
jangan,sakad,,,,
janji,huwja,,,,
jantan,jekiza,,,,
jantan,jekiza,,,,
jarah,gakanya,,,,
jarak,gabu,,,,
jarak dekat,gabu,,,,
jarak jauh,gabu,,,,
jarang,gabu,,,,
jasa,gaha,,,,
jatuh,gamu,,,,
jauh,gabu,,,,
jawab,nyasi,,,,
jealous,nekhri,,,,
jealousy,nekhri,,,,
jeda,akhmaka,,,,
jelajah,ngesakha,,,,
jelas,gesa,,,,
jelek,resa,,,,
jembatan,akhmakala,,,,
jengkel,nekhri,,,,
jernih,huri,,,,
jinjing,naba,,,,
jiwa,ahr-taba,,,,
joyful,nanyaciza,,,,
jujur,musu,,,,
julang,gusad,,,,
jumpa,wi,,,,
jungle,syumakh,,,,
junjung,gukhgu,,,,
just,ruwa,,,,
kafan,syazikh,,,,
kahyangan,ahr-adngasa,,,,
kain,syazikh,,,,
kala,ham,,,,
kalah,mukhsyung,,,,
kalian,akhsya,,,,
kami,a,,,,
kamu,akhsya,,,,
kans,jesuba,,,,
karakter,nusyi,,,,
karena,syawja,,,,
karma,syawja,,,,
karta,ngoma,,,,
karunia,nyasyiza,,,,
karya,ose,,,,
kasar,aha,,,,
kasih,rikhma,,,,
kata,ngama,,,,
kategori,nadha,,,,
kau,akhsya,,,,
kaul,huwja,,,,
kaum,nadha,,,,
kaya,ngaza,,,,
ke,jasya,,,,
keadaan,hemamu,,,,
kebaikan,nusyi,,,,
keberuntungan,nyasyiza,,,,
kebiasaan,asyam,,,,
kebohongan,syuhma,,,,
kecenderungan,nusyi,,,,
kecil,kekhsya,,,,
kecuali,ruwasi,,,,
kedip,ngega,,,,
kedudukan,semang,,,,
kedut,ngega,,,,
keep,meku,,,,
kegilaan,cazika,,,,
kehendak,khizam,,,,
keinginan,wabu,,,,
kejap,ngega,,,,
kekal,anasyi,,,,
kekayaan,nekhsya,,,,
kekuasaan,syaza,,,,
kekuatan,syaza,,,,
kelam,cesa,,,,
kelana,ngesakha,,,,
kelar,hemesa,,,,
kelelahan,sazu,,,,
keliling,ngesakha,,,,
keliru,hasa,,,,
kelompok,nadha,,,,
kemampuan,syaza,,,,
kembali,usad,,,,
kemudian,hemesa,,,,
kenakan,jangaz,,,,
kenal,haza,,,,
kenang,idam,,,,
kental,cesa,,,,
kepada,jasya,,,,
kepala,jasa,,,,
kepribadian,nusyi,,,,
kepung,nguku,,,,
kepunyaan,juta,,,,
kerabat,habsyaka,,,,
keramaian,kawaz,,,,
keras,syaza,,,,
kering,sazu,,,,
kerumun,kawaz,,,,
kerumunan,kawaz,,,,
kerut,ngega,,,,
kesal,nekhri,,,,
kesempatan,jesuba,,,,
ketika,ham,,,,
keuntungan,ukhmud,,,,
keyakinan,zangikh,,,,
khayal,wabu,,,,
kid,ahl-nekhi,,,,
kikir,nafis,,,,
kilau,neknga,,,,
kill,wami,,,,
kind,aki,,,,
kindness,nusyi,,,,
kisah,kihasa,,,,
kita,a,,,,
kitab,nung,,,,
kneel,mukhsyung,,,,
know,khasuki,,,,
knowledge,khasang,,,,
kokoh,jasyam,,,,
komando,jikhma,,,,
kompeten,baka,,,,
komplet,umu,,,,
komplit,umu,,,,
komunitas,nadha,,,,
konsekuensi,syawja,,,,
koordinat,semang,,,,
kosong,mizasya,,,,
kota,ngoma,,,,
kuasa,syaza,,,,
kuat,syaza,,,,
kubur,makha,,,,
kuburan,makha,,,,
kukuh,mecang,,,,
kumpul,kawaz,,,,
kumpulan,nadha,,,,
kurang,makhja,,,,
kurung,nguku,,,,
kutuk,nasa,,,,
kutukan,nasa,,,,
lagi,usad,,,,
lagu,hubaka,,,,
lahir,nadu,,,,
lain,nesya,,,,
lain,nesya,,,,
laju,gasakh,,,,
laki,jekiza,,,,
laki-laki,jekiza,,,,
laknat,nasa,,,,
lakon,kihasa,,,,
laku,nusyi,,,,
lalai,suja,,,,
lalu,husya,,,,
lambang,makhsya,,,,
lampau,hisa,,,,
lampau,hisa,,,,
lanang,jekiza,,,,
land,ahr-makha,,,,
landas,sakhsya,,,,
landasan,sakhsya,,,,
landasan,sakhsya,,,,
langgeng,anasyi,,,,
langgeng,anasyi,,,,
langit,ahr-sadim,,,,
langit,ahr-sadim,,,,
langit malam,ahr-sadim,,,,
langit senja,ahr-sadim,,,,
langit yang tampak dari bumi,ahr-sadim,,,,
langit-langit,ahr-sadim,,,,
langkah,sakhsya,,,,
language,nanyaha,,,,
lantaran,syawja,,,,
lantas,sakhma,,,,
lara,haka,,,,
larang,sakad,,,,
large,,,,,
larutan,ahr-razik,,,,
later,hemesa,,,,
latih,agak,,,,
laut,sabu,,,,
lautan,sabu,,,,
law,asyam,,,,
layak,jakhma,,,,
layak,jakhma,,,,
layak,jakhma,,,,
layaknya,hekuja,,,,
layan,gaha,,,,
layanan,gaha,,,,
layu,sazu,,,,
layuh,sazu,,,,
lazy,sazu,,,,
lead,ngejasa,,,,
lead,jakhsyu,,,,
leader,ngejasa,,,,
lebat,jasyam,,,,
lebih,ngaza,,,,
lebur,amu,,,,
legal,asyam,,,,
lelaki,jekiza,,,,
lelap,sesa,,,,
leleh,amu,,,,
lemah,sazu,,,,
lembab,naha,,,,
lembayung,hoym,,,,
lembut,hoym,,,,
lena,sekha,,,,
lengah,suja,,,,
lengkap,umu,,,,
lengthy,jakha,,,,
lenyap,nyisa,,,,
lepas,nyisa,,,,
lestari,anasyi,,,,
let,nizak,,,,
letak,semang,,,,
letakkan,makha,,,,
letih,sazu,,,,
letoi,sazu,,,,
level,hemamu,,,,
level,kama,,,,
lewat,husya,,,,
liberated,weksenga,,,,
library,narala,,,,
licin,naha,,,,
lidah,sisya,,,,
lie,syuhma,,,,
life,ahr-taba,,,,
lift,gusad,,,,
light,ahr-reka,,,,
lihat,jakhsyad,,,,
like,hekuja,,,,
like,syozakh,,,,
limit,ruwa,,,,
limpah,kuba,,,,
lindung,khabud,,,,
lineage,hishisa,,,,
lingkar,usad,,,,
lingkungan,hengima,,,,
liput,khabud,,,,
liquid,ahr-razik,,,,
lirik,jakhsyad,,,,
listen,madnga,,,,
live,taba,,,,
load,waha,,,,
location,semang,,,,
logam,soca,,,,
logam berat,soca,,,,
logika,khasang,,,,
lokasi,semang,,,,
long,jakha,,,,
longgar,gabu,,,,
lontar,anaz,,,,
look,jakhsyad,,,,
loose,gabu,,,,
loot,gakanya,,,,
lose,mukhsyung,,,,
lost,hasa,,,,
love,rikhma,,,,
lovely,ikhsya,,,,
low,kekhsya,,,,
loyal,hemiza,,,,
loyo,sazu,,,,
luas,kaza,,,,
lucky,alukhmud,,,,
luka,haka,,,,
luka,haka,,,,
luka,haka,,,,
luka-luka,haka,,,,
lunglai,sazu,,,,
lupa,suja,,,,
lurus,mecang,,,,
lush,jasyam,,,,
lust,wabu,,,,
lust,cazika,,,,
maaf,awjukh,,,,
magnet,wakhe,,,,
magnet,wakhe,,,,
magnetic,wakhe,,,,
magnetik,wakhe,,,,
magrib,wasa,,,,
main,ikhmi,,,,
majestic,wusiza,,,,
maka,hujaza,,,,
makam,makha,,,,
makan,wanga,,,,
makanan,wanga,,,,
make,rijma,,,,
maki,waka,,,,
makmur,ngaza,,,,
makmur,ngaza,,,,
makmur,kuba,,,,
maksud,hedaga,,,,
mala,jemanga,,,,
malaikat,jemanga,,,,
malam,wasa,,,,
malam hari,wasa,,,,
malang,khanya,,,,
malang,khanya,,,,
malapetaka,jemanga,,,,
malas,sazu,,,,
male,jekiza,,,,
malu,hasa,,,,
mampat,mumus,,,,
mampu,niha,,,,
man,jekiza,,,,
mandatory,bagin,,,,
mandiri,bakhsyiki,,,,
mani,aza,,,,
manusia,ahl-wakhuhiza,,,,
many,nakha,,,,
map,jema,,,,
marah,waka,,,,
mark,makhsya,,,,
martabat,hemamu,,,,
masa,ham,,,,
masa lalu,hisa,,,,
masculine,jekiza,,,,
masih,gesa,,,,
masing-masing,miza,,,,
mass,waha,,,,
massa,waha,,,,
masses,waha,,,,
masuk,khabud,,,,
masyarakat,nadha,,,,
mata,wama,,,,
matahari,ahr-wamanyaki,,,,
matahari,ahr-wamanyaki,,,,
match,jasyala,,,,
match,nyasi,,,,
mati,wami,,,,
mau,wabu,,,,
measure,gasakh,,,,
meet,wi,,,,
melalui,jahnaz,,,,
melanggar,nakhma,,,,
melarang,sakad,,,,
melayani,gaha,,,,
melewati,jahnaz,,,,
melihat,jakhsyad,,,,
melihat,jakhsyad,,,,
melimpah,kuba,,,,
melingkar,usad,,,,
meliputi,khabud,,,,
melirik,jakhsyad,,,,
melody,hubaka,,,,
melt,amu,,,,
memaksa,jangha,,,,
memandang,jakhsyad,,,,
memandu,jakhsyu,,,,
memasuki,wusa,,,,
membawa,naba,,,,
membuat,rijma,,,,
memikat,sekha,,,,
memikat,sekha,,,,
memiliki,juta,,,,
memory,idam,,,,
memperoleh,niha,,,,
memulai,wusa,,,,
menari,maki,,,,
menarik,sekha,,,,
menarik,sekha,,,,
mendengar,madnga,,,,
mengamini,haza,,,,
mengangkut,naba,,,,
mengarahkan,jakhsyu,,,,
mengatur,amuk,,,,
mengenai,mekhma,,,,
mengenal,haza,,,,
mengenali,haza,,,,
mengenang,idam,,,,
mengerti,khasuki,,,,
mengerti,khasuki,,,,
menggadaikan,cakhmi,,,,
menghargai,jesyusi,,,,
menghindar,esa,,,,
meninggal,wami,,,,
menjauh,esa,,,,
menolak,nakhma,,,,
mentari,ahr-wamanyaki,,,,
mentari,ahr-wamanyaki,,,,
menuju,angakh,,,,
menyatu,amu,,,,
menyesal,heha,,,,
menyetujui,haza,,,,
merata,kama,,,,
mercy,awjukh,,,,
merdeka,weksenga,,,,
merdeka,weksenga,,,,
mereka,syizaha,,,,
mereka,syizaha,,,,
merge,amu,,,,
merupakan,asyasa,,,,
message,kihasa,,,,
messenger,jemanga,,,,
mesti,bagin,,,,
metal,soca,,,,
meyakini,zangikh,,,,
middle,akhmaka,,,,
milik,juta,,,,
miliknya,syiza,,,,
mind,khasang,,,,
minta,jikhma,,,,
minum,khaya,,,,
minus,makhja,,,,
mirip,hekuja,,,,
miserly,nekhri,,,,
misguided,hasa,,,,
mistreat,mikhsya,,,,
mix,amu,,,,
mixture,ahr-razik,,,,
mockery,waka,,,,
modify,cakhmi,,,,
moksa,huri,,,,
moksha,huri,,,,
momen,totekh,,,,
moment,totekh,,,,
month,ahr-nusakh,,,,
moon,ahr-nusakh,,,,
more,ngaza,,,,
more,usad,,,,
morning,hizad,,,,
mortgage,cakhmi,,,,
motion,gasakh,,,,
motive,khizam,,,,
mountain,cukhu,,,,
mountains,cukhu,,,,
move,mekhahina,,,,
movement,gasakh,,,,
mow,mena,,,,
mudah,wusya,,,,
mujur,alukhmud,,,,
mula,wusa,,,,
mula,wusa,,,,
mulai,wusa,,,,
mulia,wusiza,,,,
mumpuni,baka,,,,
muncul,nadu,,,,
murder,wami,,,,
murni,huri,,,,
musibah,nasa,,,,
music,hubaka,,,,
musik,hubaka,,,,
musim,wuhi,,,,
muslihat,miju,,,,
musnah,juha,,,,
must,bagin,,,,
mustahak,jakhma,,,,
musyawarah,wulabaka,,,,
mute,nihu,,,,
mutual,hasi,,,,
nafas,khaya,,,,
nafsu,cazika,,,,
nahas,khanya,,,,
naik,nadha,,,,
nalar,khasang,,,,
naluri,khasuki,,,,
naluriah,khasuki,,,,
nama,khata,,,,
name,khata,,,,
namely,zazimu,,,,
namun,maji,,,,
nan,zad,,,,
napas,khaya,,,,
nasib,mangsyi,,,,
nasib baik,alukhmud,,,,
nation,nadha,,,,
nature,ahr-asa,,,,
naung,khabud,,,,
necessary,jakhma,,,,
need,numu,,,,
negatif,makhja,,,,
negative,makhja,,,,
neglect,suja,,,,
neglected,anaz,,,,
negligent,suja,,,,
negosiasi,kekhsya,,,,
negotiate,wulabaka,,,,
negotiation,wulabaka,,,,
never,sakad,,,,
new,tu,,,,
niat,hedaga,,,,
night,wasa,,,,
night sky,ahr-sadim,,,,
nilai,khisaz,,,,
nisbi,hewu,,,,
niscaya,gesa,,,,
noble,wusiza,,,,
noise,hubaka,,,,
none,mizasya,,,,
noon,hizad,,,,
norm,asyam,,,,
norma,asyam,,,,
not,mang,,,,
not yet,jeka,,,,
numerous,nakha,,,,
nurani,khizam,,,,
nurture,agak,,,,
nya,syiza,,,,
nyala,naka,,,,
nyata,asya,,,,
nyawa,ahr-taba,,,,
oath,huwja,,,,
obedient,mam,,,,
object,nekhsya,,,,
object,nekhsya,,,,
objek,nekhsya,,,,
observe,jakhsyad,,,,
obsesi,cazika,,,,
obsession,cazika,,,,
obstruct,mumus,,,,
obtain,niha,,,,
ocean,sabu,,,,
offspring,ahl-nekhi,,,,
oleh,ose,,,,
ombak,cemaka,,,,
on top of,ama,,,,
oneself,haza,,,,
only,ruwa,,,,
open,musu,,,,
opportunity,jesuba,,,,
oppress,mikhsya,,,,
or,amabu,,,,
or,amabu,,,,
orang,ahl-wakhuhiza,,,,
order,jikhma,,,,
organize,amuk,,,,
origin,ahr-mukha,,,,
other,nesya,,,,
other than,ruwasi,,,,
out of,syaki,,,,
overpass,akhmakala,,,,
own,juta,,,,
owned by,juta,,,,
packed,mumus,,,,
pada,jasya,,,,
pada waktu yang sama,syakh,,,,
padanan,jasyala,,,,
padang,cuku,,,,
padat,jasyam,,,,
pagi,hizad,,,,
pagi,hizad,,,,
paham,khasuki,,,,
pain,haka,,,,
painful,haka,,,,
pair,nyasi,,,,
pak,aza,,,,
pakai,jangaz,,,,
paksa,jangha,,,,
palsu,hewu,,,,
panas,naka,,,,
pandai,aki,,,,
pandang,jakhsyad,,,,
pandu,jakhsyu,,,,
pandu,jakhsyu,,,,
panggil,jakhdi,,,,
panggul,gukhgu,,,,
pangkas,mena,,,,
panjang,jakha,,,,
pantas,jakhma,,,,
pantul,syawja,,,,
papah,gukhgu,,,,
paradise,ahr-adngasa,,,,
parallel,jakaze,,,,
paranormal,kawas,,,,
pardon,awjukh,,,,
paripurna,umu,,,,
part,naciza,,,,
particle,knekhi,,,,
pasangan,jasyala,,,,
pasir,jahi,,,,
pass,husya,,,,
pass,jahnaz,,,,
pass away,wami,,,,
passion,wabu,,,,
past,hisa,,,,
pasti,gesa,,,,
patient,hemiza,,,,
pattern,josa,,,,
patut,jakhma,,,,
pawn,cakhmi,,,,
pay,nasa,,,,
pay attention,madnga,,,,
payment,nasa,,,,
payudara,syasya,,,,
peaceful,syawa,,,,
peak,gusad,,,,
peak,haka,,,,
pecah,jera,,,,
pedih,haka,,,,
pedit,nafis,,,,
peduli,jesyusi,,,,
peek,jakhsyad,,,,
pegang,hekhmu,,,,
pegunungan,cukhu,,,,
pekat,cesa,,,,
pelihara,gaca,,,,
pelit,nafis,,,,
pelopor,ngejasa,,,,
peluang,jesuba,,,,
pelvis,gukhgu,,,,
pemalas,sazu,,,,
pembenaran,nyasi,,,,
pemberian,nyasyiza,,,,
pembohong,syuhma,,,,
pemimpin,ngejasa,,,,
pendar,ahr-reka,,,,
pengalaman,asala,,,,
pengaruh,syawja,,,,
pengaruh,syawja,,,,
pengelana,ngesakha,,,,
pengetahuan,khasang,,,,
penghinaan,yimkha,,,,
penghujung,gusad,,,,
penjara,nguku,,,,
penting,jakhma,,,,
penuh,jekhu,,,,
people,nadha,,,,
people,nadha,,,,
pepohonan,ahr-makhala,,,,
perangkat,khisaz,,,,
perasaan,khizam,,,,
perbuatan,nusyi,,,,
percaya,zangikh,,,,
perduli,jesyusi,,,,
perempuan,bakhima,,,,
perfect,umu,,,,
pergi,ngesakha,,,,
perhatikan,madnga,,,,
perih,haka,,,,
periksa,rona,,,,
perilaku,nusyi,,,,
perintah,jikhma,,,,
period,wuhi,,,,
periode,pawa,,,,
perjanjian,huwja,,,,
perkakas,khisaz,,,,
perlu,numu,,,,
perlu,numu,,,,
permulaan,wusa,,,,
permulaan,wusa,,,,
pernah,husya,,,,
perpustakaan,narala,,,,
perpustakaan,narala,,,,
perseorangan,ahl-wakhuhiza,,,,
person,ahl-wakhuhiza,,,,
personality,nusyi,,,,
pertama,wusa,,,,
pertama-tama,wusa,,,,
pesan,kihasa,,,,
peta,jema,,,,
petaka,jemanga,,,,
petang,hizad,,,,
pewaris,baki,,,,
physical,kaca,,,,
physique,ahr-kaca,,,,
pijak,sakhsya,,,,
pikat,sekha,,,,
pikir,khasang,,,,
pikiran,khasang,,,,
pikul,gukhgu,,,,
pikul,gusad,,,,
pilar,gusad,,,,
pilih,jisi,,,,
pillar,gusad,,,,
pimpin,ngejasa,,,,
pindah,mekhahina,,,,
pinggul,gukhgu,,,,
pinta,jikhma,,,,
pintar,aki,,,,
pintar,aki,,,,
pintar,aki,,,,
pintu,jikhmu,,,,
pioneer,ngejasa,,,,
pionir,ngejasa,,,,
pisah,naci,,,,
place,makha,,,,
place,syi,,,,
place,semang,,,,
planet,ahr-makha,,,,
plant,makha,,,,
pledge,huwja,,,,
pledge,huwja,,,,
plentiful,kuba,,,,
plunder,gakanya,,,,
plural,nakha,,,,
pohon,ahr-makhala,,,,
point,jula,,,,
point,jisi,,,,
pokok,ikhmi,,,,
pola,josa,,,,
pole,gusad,,,,
poor,resa,,,,
poros,jula,,,,
porsi,naciza,,,,
portion,naciza,,,,
posisi,semang,,,,
posisi,semang,,,,
position,semang,,,,
position,semang,,,,
potong,mena,,,,
potong,mena,,,,
potong,nafis,,,,
power,syaza,,,,
power,syaza,,,,
power,syaza,,,,
powerful,syaza,,,,
pra,jeka,,,,
pre,jeka,,,,
predict,kawas,,,,
present,miwa,,,,
press,jangha,,,,
pressure,jangha,,,,
pretext,nyasi,,,,
previous,hisa,,,,
previously,husya,,,,
pria,jekiza,,,,
pribadi,ahl-wakhuhiza,,,,
prison,nguku,,,,
proficient,niha,,,,
prohibit,sakad,,,,
promise,huwja,,,,
prosperous,ngaza,,,,
protect,gaca,,,,
proud,adngu,,,,
provide,naci,,,,
provoke,yimkha,,,,
proximity,gabu,,,,
prudent,aki,,,,
puan,bakhima,,,,
public,waha,,,,
publik,waha,,,,
pulang,nasi,,,,
pulas,sekha,,,,
punah,juha,,,,
puncak,gusad,,,,
pundak,nasi,,,,
punggung,nasi,,,,
punishment,syawja,,,,
punya,juta,,,,
pure,huri,,,,
purnama,ahr-nusakh,,,,
purpose,hedaga,,,,
pusat,jula,,,,
push,jangha,,,,
pustaka,narala,,,,
put,makha,,,,
putar,usad,,,,
putra,ahl-nekhi,,,,
putri,jangha,,,,
quick,reja,,,,
quiet,nesya,,,,
raba,hekhmu,,,,
radiasi,ahr-reka,,,,
radiate,ahr-reka,,,,
radiation,ahr-reka,,,,
raga,ahr-kaca,,,,
ragam,nesya,,,,
ragu,kacuha,,,,
raih,niha,,,,
rain,nyuga,,,,
rainfall,nyuga,,,,
rakus,kangu,,,,
rakus,kangu,,,,
rakyat,nadha,,,,
ramai,kawaz,,,,
ramal,kawas,,,,
rampas,gakanya,,,,
rangkai,kawaz,,,,
rangkum,khabud,,,,
rapat,jasyam,,,,
rapuh,sazu,,,,
rasa,rikhma,,,,
rasa kemanusiaan,khizam,,,,
rasul,jemanga,,,,
rata,kama,,,,
rational,baka,,,,
rawat,gaca,,,,
raya,kaza,,,,
read,nara,,,,
real,asya,,,,
really,hegami,,,,
rear,nasi,,,,
reason,syawja,,,,
reasoning,khasang,,,,
rebut,gakanya,,,,
recall,idam,,,,
recite,nara,,,,
recognize,haza,,,,
recompense,nasa,,,,
redo,usad,,,,
refuse,nakhma,,,,
refute,nakhma,,,,
regarding,mekhma,,,,
regret,heha,,,,
regu,nadha,,,,
reguk,khaya,,,,
regulation,amuk,,,,
reject,nakhma,,,,
rela,musu,,,,
related,hekuja,,,,
relatif,hewu,,,,
relative,hewu,,,,
release,nyisa,,,,
rembug,wulabaka,,,,
remeh,wusya,,,,
remember,idam,,,,
reminisce,idam,,,,
remove,nyisa,,,,
rendah,kekhsya,,,,
renggang,gabu,,,,
repeat,usad,,,,
repent,heha,,,,
replace,cakhmi,,,,
reply,nasa,,,,
reply,nyasi,,,,
request,jikhma,,,,
require,numu,,,,
required,bagin,,,,
respect,hasa,,,,
respect,gukhgu,,,,
respon,nasa,,,,
respond,nasa,,,,
respons,nasa,,,,
responsible,gukhgu,,,,
result,syawja,,,,
retak,jera,,,,
revenge,syekhsya,,,,
reverberation,syawja,,,,
reward,nasa,,,,
riang,nanyaciza,,,,
rich,ngaza,,,,
right,hegami,,,,
rimba,,,,,
rimbun,jasyam,,,,
rinci,ukaz,,,,
ringan,wusya,,,,
ringkas,khabud,,,,
ringkih,sazu,,,,
ripah,kuba,,,,
risalah,kihasa,,,,
rise,nadu,,,,
river,asi,,,,
riwayat,hegaka,,,,
road,gasakh,,,,
rock,namu,,,,
roh,ahr-taba,,,,
romance,rikhma,,,,
root,ahr-mukha,,,,
rotate,usad,,,,
rough,aha,,,,
round,usad,,,,
ruah,kuba,,,,
ruin,juha,,,,
ruined,juha,,,,
runding,wulabaka,,,,
runway,sakhsya,,,,
rupa,nekhsya,,,,
rusak,juha,,,,
saat,ham,,,,
sabar,hemiza,,,,
sad,hesyi,,,,
sadar,baka,,,,
safe,hesawa,,,,
saja,ruwa,,,,
sakit,haka,,,,
sakit,haka,,,,
sakit,haka,,,,
salah,hasa,,,,
salam,hasa,,,,
saling,hasi,,,,
salute,hasa,,,,
sama,hekuja,,,,
sama-sama,syakh,,,,
sambut,besngo,,,,
same,hawa,,,,
samudra,sabu,,,,
sand,jahi,,,,
sane,baka,,,,
sangat,hegami,,,,
sanggah,nakhma,,,,
sangka,yimkha,,,,
sangsi,kacuha,,,,
santap,wanga,,,,
sapa,hasa,,,,
sari,ikhmi,,,,
sasar,sakhsya,,,,
satwa,ahl-yabukha,,,,
saudara,habsyaka,,,,
saudari,habsyaka,,,,
sawan,nasa,,,,
say,ngama,,,,
sayang,syozakh,,,,
scared,mangu,,,,
scene,kihasa,,,,
science,khasang,,,,
score,khisaz,,,,
scripture,nung,,,,
sea,sabu,,,,
season,wuhi,,,,
sebab,syawja,,,,
sebab,syawja,,,,
sebagai,hekuja,,,,
sebelum,hejeka,,,,
sebelum,jeka,,,,
sebelumnya,husya,,,,
sebentar,ngega,,,,
second,syemi,,,,
secure,hesawa,,,,
sederhana,wusya,,,,
sedih,hesyi,,,,
sedih,hesyi,,,,
sedot,khaya,,,,
see,jakhsyad,,,,
see,jakhsyad,,,,
seed,ahr-mukha,,,,
seed,ahr-mukha,,,,
seed,ahr-mukha,,,,
segala,hesuku,,,,
segala,hesuku,,,,
segan,hasa,,,,
segar,tu,,,,
sehat,baka,,,,
sehat,baka,,,,
sehingga,sakhma,,,,
seimbang,hemaka,,,,
seiring,mam,,,,
seiring,jakaze,,,,
seize,gakanya,,,,
sejahtera,ngaza,,,,
sejalan,jakaze,,,,
sejarah,hegaka,,,,
sejati,hegami,,,,
sejati,hegami,,,,
sekadar,ruwa,,,,
sekejap,ngega,,,,
sela,nyasyiza,,,,
selain,ruwasi,,,,
selamanya,anaz,,,,
selamat,hesawa,,,,
selanjutnya,sakhma,,,,
select,jisi,,,,
selesai,hesehazi,,,,
self,haza,,,,
self-reliant,bakhsyiki,,,,
seluruh,hesuku,,,,
semangat,kuba,,,,
semen,aza,,,,
semesta,ahr-asa,,,,
sempurna,umu,,,,
semu,hewu,,,,
semua,hesuku,,,,
senang,syozakh,,,,
sendiri,bakhsyiki,,,,
sengaja,hedaga,,,,
sense,rikhma,,,,
sentuh,hekhmu,,,,
senyap,haza,,,,
separate,naci,,,,
sepele,wusya,,,,
seperti,hekuja,,,,
serakah,kangu,,,,
serasi,jasyala,,,,
serempak,syakh,,,,
serene,syawa,,,,
serigala,hekicasa,,,,
serta,syakh,,,,
serupa,hekuja,,,,
serve,gaha,,,,
service,gaha,,,,
sesaat,syemi,,,,
sesal,heha,,,,
sesat,hasa,,,,
sesuai,jakhma,,,,
sesuai,nyasi,,,,
sesuatu,muamu,,,,
sesudah,hemesa,,,,
setara,hemaka,,,,
setelah,husya,,,,
setia,hemiza,,,,
setiap,miza,,,,
setuju,haza,,,,
several,nakha,,,,
shall,angakh,,,,
shaman,kawas,,,,
shape,nekhsya,,,,
shape,asya,,,,
sharpen,aha,,,,
shatter,jera,,,,
shelter,khabud,,,,
shift,mekhahina,,,,
shine,ahr-reka,,,,
show,jisi,,,,
shy,hasa,,,,
sial,khanya,,,,
siang,hizad,,,,
sibling,habsyaka,,,,
sick,haka,,,,
sign,makhsya,,,,
siksa,syawja,,,,
silam,hisa,,,,
silent,nyekhi,,,,
silky,miju,,,,
silsilah,hishisa,,,,
simak,madnga,,,,
simbol,makhsya,,,,
similar,hekuja,,,,
simpan,makha,,,,
simpel,wusya,,,,
simple,wusya,,,,
simple,wusya,,,,
simpuh,mukhsyung,,,,
simpul,khabud,,,,
simultaneous,syakh,,,,
sinar,ahr-reka,,,,
sincere,musu,,,,
sindir,waka,,,,
singkir,nyisa,,,,
sink,asesa,,,,
sip,khaya,,,,
sistem,amuk,,,,
sit,him,,,,
sit down,him,,,,
skilled,baka,,,,
sky,ahr-sadim,,,,
sky,ahr-sadim,,,,
slander,yimkha,,,,
slash,mena,,,,
sleep,sesa,,,,
sleep,misyu,,,,
slice,mena,,,,
slumber,sesa,,,,
small,kekhsya,,,,
smart,aki,,,,
smooth,hoym,,,,
snatch,gakanya,,,,
so that,hujaza,,,,
society,nadha,,,,
soft,hoym,,,,
soil,ahr-makha,,,,
solution,ahr-razik,,,,
sombong,adngu,,,,
something,muamu,,,,
sorcerer,kawas,,,,
sore,hizad,,,,
sorrow,hesyi,,,,
sorrowful,hesyi,,,,
soul,ahr-taba,,,,
sound,hubaka,,,,
source,syaki,,,,
space,ahr-sadim,,,,
sparkle,neknga,,,,
sparse,gabu,,,,
speak,ngama,,,,
speed,gasakh,,,,
sperm,aza,,,,
sperma,aza,,,,
spin,usad,,,,
spirit,ahr-taba,,,,
spirited,kuba,,,,
split,naci,,,,
spot,jula,,,,
spy,jakhsyad,,,,
stab,makha,,,,
stand,nadu,,,,
standard,asyam,,,,
star,nikhma,,,,
stare,kawas,,,,
start,wusa,,,,
start,wusa,,,,
start,wusa,,,,
status,hemamu,,,,
steadfast,mecang,,,,
step,gasakh,,,,
step on,sakhsya,,,,
still,gesa,,,,
still not,jeka,,,,
stingy,nafis,,,,
stone,namu,,,,
stop,hesehazi,,,,
storage,idam,,,,
store,makha,,,,
story,kihasa,,,,
story,kihasa,,,,
straight,mecang,,,,
stream,asi,,,,
stroke,nysa,,,,
strong,syaza,,,,
stupid,syudu,,,,
sturdy,mecang,,,,
suara,hubaka,,,,
submit,mukhsyung,,,,
subsequently,sakhma,,,,
substitute,cakhmi,,,,
subuh,hizad,,,,
subur,hunu,,,,
successful,ngaza,,,,
suci,huri,,,,
sudah,husya,,,,
suffering,haka,,,,
suitable,jakhma,,,,
sujud,mukhsyung,,,,
suka,syozakh,,,,
sukses,ngaza,,,,
suku,hungu,,,,
suku bangsa,hungu,,,,
sulit,huha,,,,
sumbu,huwnu,,,,
summarize,khabud,,,,
summit,gusad,,,,
sumpah,huwja,,,,
sun,ahr-wamanyaki,,,,
sungai,asi,,,,
sungguh,hegami,,,,
sunlight,ahr-wamanyaki,,,,
sunny,ahr-reka,,,,
sunrise,ahr-wamanyaki,,,,
sunyi,nyekhi,,,,
supaya,hujaza,,,,
supaya,hujaza,,,,
support,gukhgu,,,,
suram,cesa,,,,
sure,gesa,,,,
surely,gesa,,,,
surga,ahr-adngasa,,,,
surge,cemaka,,,,
surrender,mukhsyung,,,,
surrounding,hengima,,,,
suruh,jikhma,,,,
surya,ahr-wamanyaki,,,,
susah,huha,,,,
suspend,cakhmu,,,,
suspicion,kacuha,,,,
sustainable,anasyi,,,,
susun,amuk,,,,
susun,kawaz,,,,
swadaya,bakhsyiki,,,,
swear,huwja,,,,
syarat,numu,,,,
symbol,makhsya,,,,
symptom,cegasa,,,,
system,amuk,,,,
taat,mam,,,,
taat,mam,,,,
tabiat,nusyi,,,,
tabrak,manka,,,,
tahan,manya,,,,
tahanan,nguku,,,,
tahap,gasakh,,,,
tahu,khasuki,,,,
tak,mang,,,,
takdir,mangsyi,,,,
take care of,gaca,,,,
takluk,mikhsya,,,,
takut,mangu,,,,
tale,kihasa,,,,
talk,ngama,,,,
tall,gusad,,,,
tamak,kangu,,,,
tamat,juha,,,,
tambah,ngaza,,,,
tanah,ahr-makha,,,,
tanam,makha,,,,
tancap,makha,,,,
tanda,makhsya,,,,
tandus,cuku,,,,
tanggung,gukhgu,,,,
tanggungan,waha,,,,
tangkap,madnga,,,,
tanpa,gusad,,,,
tanya,mata,,,,
tapi,maji,,,,
taraf,hemamu,,,,
target,sakhsya,,,,
tari,maki,,,,
tarian,maki,,,,
taruh,makha,,,,
tata,amuk,,,,
tatap,jakhsyad,,,,
taunt,waka,,,,
teach,agak,,,,
team,nadha,,,,
team,nadha,,,,
tebal,jasyam,,,,
tebang,mena,,,,
tebas,mena,,,,
tebus,awjukh,,,,
tegak,mecang,,,,
tegas,gesa,,,,
teguh,mecang,,,,
tekan,jangha,,,,
telah,husya,,,,
telantar,anaz,,,,
tempat,semang,,,,
temu,wi,,,,
tenaga,syaza,,,,
tenang,nyekhi,,,,
tendency,nusyi,,,,
tengah,akhmaka,,,,
tenggelam,asesa,,,,
tentang,mekhma,,,,
tenteram,syawa,,,,
tentram,syawa,,,,
tentu,gesa,,,,
tenung,kawas,,,,
tepat,hegami,,,,
tepi,ruwa,,,,
terakhir,hesehazi,,,,
terampil,niha,,,,
terang,ahr-reka,,,,
terbit,nadu,,,,
terbuka,musu,,,,
terdapat,asya,,,,
tergantung,hewu,,,,
tergesa,reja,,,,
terhadap,jasya,,,,
terhormat,wusiza,,,,
terisi,jekhu,,,,
terjatuh,gamu,,,,
terkait,hekuja,,,,
terlelap,sesa,,,,
terlepas,weksenga,,,,
terpisah,naci,,,,
tersedia,asya,,,,
tersesat,hasa,,,,
tertidur,misyu,,,,
terus,meku,,,,
tes,rona,,,,
test,rona,,,,
testament,baki,,,,
tetangga,hengima,,,,
tetap,gesa,,,,
tetapi,maji,,,,
tetes,kheme,,,,
tetesan,kheme,,,,
tewas,wami,,,,
that,zad,,,,
that is,zazimu,,,,
their,syiza,,,,
them,syizaha,,,,
then,husya,,,,
then,hemesa,,,,
therefore,hujaza,,,,
they,syizaha,,,,
thick,cesa,,,,
thing,nekhsya,,,,
think,yimkha,,,,
this,syiza,,,,
this is,syiza,,,,
those,zad,,,,
thought,khasang,,,,
threat,jangha,,,,
through,jahnaz,,,,
throw,anaz,,,,
throw away,nyisa,,,,
thrust,makha,,,,
tiada,mizasya,,,,
tiang,gusad,,,,
tiap,miza,,,,
tiba,miwa,,,,
tidak,mang,,,,
tidak ada,mizasya,,,,
tidak kuat,sazu,,,,
tidur,misyu,,,,
tidy,huri,,,,
tim,nadha,,,,
timbangan,waha,,,,
timbul,nadu,,,,
time,ham,,,,
timpal,nyasi,,,,
tindak,rijma,,,,
tindakan,rijma,,,,
tindas,mikhsya,,,,
tinggi,gusad,,,,
tingkah laku,nusyi,,,,
tingkat,hemamu,,,,
tip,hesehazi,,,,
tipu,miju,,,,
tired,sazu,,,,
titik,jula,,,,
titik embun,ewnu,,,,
title,musu,,,,
to,jasya,,,,
together,syakh,,,,
together with,syakh,,,,
tohok,haka,,,,
tolak,nakhma,,,,
tolol,syudu,,,,
tolong,gaha,,,,
tongue,sisya,,,,
tool,khisaz,,,,
torment,syawja,,,,
touch,hekhmu,,,,
tough,syaza,,,,
towards,jasya,,,,
town,ngoma,,,,
track,sakhsya,,,,
tradisi,asyam,,,,
tradition,asyam,,,,
train,agak,,,,
tranquil,syawa,,,,
transfer,mekhahina,,,,
transparent,huri,,,,
transport,naba,,,,
tread,sakhsya,,,,
tree,ahr-makhala,,,,
tremble,cemaka,,,,
tribe,hungu,,,,
trick,miju,,,,
trim,mena,,,,
trivial,wusya,,,,
true.,hegami,,,,
truly,hegami,,,,
trust,zangikh,,,,
truthful,musu,,,,
try,rona,,,,
tubuh,ahr-kaca,,,,
tuju,hedaga,,,,
tujuan,jisi,,,,
tukar,cakhmi,,,,
tulis,musi,,,,
tulisan,kihasa,,,,
tulus,musu,,,,
tumbuh,nadu,,,,
tumbuhan,ahr-makhala,,,,
tunduk,mukhsyung,,,,
tunggu,gaca,,,,
tunjuk,jisi,,,,
turn,nasi,,,,
turun,mukukh,,,,
tusuk,makha,,,,
tutup,mumus,,,,
tutup,juha,,,,
twinkle,ahr-reka,,,,
ubah,cakhmi,,,,
udara,ahr-usyaka,,,,
ugly,resa,,,,
uji,rona,,,,
ujung,namu,,,,
ulang,usad,,,,
uncertain,kacuha,,,,
uncover,musu,,,,
understand,khasuki,,,,
unfortunate,khanya,,,,
unite,amu,,,,
universe,ahr-asa,,,,
unless,ruwasi,,,,
unlucky,khanya,,,,
untuk,jasya,,,,
untung,ukhmud,,,,
upright,mecang,,,,
urai,ukaz,,,,
urge,jangha,,,,
urus,gaha,,,,
us,a,,,,
usai,hesehazi,,,,
use,jangaz,,,,
usir,nyisa,,,,
utuh,umu,,,,
vacant,mizasya,,,,
value,khisaz,,,,
vanish,nyisa,,,,
vanished,juha,,,,
variasi,nesya,,,,
variety,nesya,,,,
vast,kaza,,,,
vibrate,cemaka,,,,
voice,hubaka,,,,
voracious,kangu,,,,
vow,huwja,,,,
wafat,wami,,,,
wait,gaca,,,,
wajar,jakhma,,,,
wajib,bagin,,,,
wake up,nadu,,,,
waktu,ham,,,,
walk,gasakh,,,,
wanita,bakhima,,,,
want,angakh,,,,
want,wabu,,,,
waras,baka,,,,
waris,baki,,,,
warm,ahr-naka,,,,
wasiat,baki,,,,
waspada,gaca,,,,
wasteland,cuku,,,,
watak,nusyi,,,,
water,ahr-razik,,,,
watery,ahr-razik,,,,
wave,cemaka,,,,
we,a,,,,
weak,sazu,,,,
wealth,nekhsya,,,,
wealthy,ngaza,,,,
wear,jangaz,,,,
weary,sazu,,,,
weather,wuhi,,,,
weight,waha,,,,
welcome,besngo,,,,
well,baka,,,,
wet,naha,,,,
wewenang,juta,,,,
when,ham,,,,
whole,hesuku,,,,
will,baki,,,,
willing,musu,,,,
wilted,sazu,,,,
wind,ahr-usyaka,,,,
wink,ngega,,,,
wisdom,nusyi,,,,
wise,aki,,,,
wish,wabu,,,,
with,syakh,,,,
withered,sazu,,,,
without,makhja,,,,
withstand,manya,,,,
wolf,hekicasa,,,,
woman,bakhima,,,,
word,ngama,,,,
work,ose,,,,
world,ahr-asa,,,,
worthy,jakhma,,,,
wound,haka,,,,
wrap,khabud,,,,
wrinkle,ngega,,,,
write,musi,,,,
writing,musi,,,,
wrong,hasa,,,,
wujud,nekhsya,,,,
ya,hegami,,,,
yaitu,zazimu,,,,
yakin,zangikh,,,,
yakni,zazimu,,,,
yang,zad,,,,
you,akhsya,,,,
you all,akhsya,,,,
yourself,akhsya,,,,
zaman,pawa,,,,